DateKey,Date,Year,Month,MonthName,Quarter,Week,Day,DayOfWeek
20230101,2023-01-01,2023,1,January,Q1,52,1,Sunday
20230102,2023-01-02,2023,1,January,Q1,1,2,Monday
20230103,2023-01-03,2023,1,January,Q1,1,3,Tuesday
20230104,2023-01-04,2023,1,January,Q1,1,4,Wednesday
20230105,2023-01-05,2023,1,January,Q1,1,5,Thursday
20230106,2023-01-06,2023,1,January,Q1,1,6,Friday
20230107,2023-01-07,2023,1,January,Q1,1,7,Saturday
20230108,2023-01-08,2023,1,January,Q1,1,8,Sunday
20230109,2023-01-09,2023,1,January,Q1,2,9,Monday
20230110,2023-01-10,2023,1,January,Q1,2,10,Tuesday
20230111,2023-01-11,2023,1,January,Q1,2,11,Wednesday
20230112,2023-01-12,2023,1,January,Q1,2,12,Thursday
20230113,2023-01-13,2023,1,January,Q1,2,13,Friday
20230114,2023-01-14,2023,1,January,Q1,2,14,Saturday
20230115,2023-01-15,2023,1,January,Q1,2,15,Sunday
20230116,2023-01-16,2023,1,January,Q1,3,16,Monday
20230117,2023-01-17,2023,1,January,Q1,3,17,Tuesday
20230118,2023-01-18,2023,1,January,Q1,3,18,Wednesday
20230119,2023-01-19,2023,1,January,Q1,3,19,Thursday
20230120,2023-01-20,2023,1,January,Q1,3,20,Friday
20230121,2023-01-21,2023,1,January,Q1,3,21,Saturday
20230122,2023-01-22,2023,1,January,Q1,3,22,Sunday
20230123,2023-01-23,2023,1,January,Q1,4,23,Monday
20230124,2023-01-24,2023,1,January,Q1,4,24,Tuesday
20230125,2023-01-25,2023,1,January,Q1,4,25,Wednesday
20230126,2023-01-26,2023,1,January,Q1,4,26,Thursday
20230127,2023-01-27,2023,1,January,Q1,4,27,Friday
20230128,2023-01-28,2023,1,January,Q1,4,28,Saturday
20230129,2023-01-29,2023,1,January,Q1,4,29,Sunday
20230130,2023-01-30,2023,1,January,Q1,5,30,Monday
20230131,2023-01-31,2023,1,January,Q1,5,31,Tuesday
20230201,2023-02-01,2023,2,February,Q1,5,1,Wednesday
20230202,2023-02-02,2023,2,February,Q1,5,2,Thursday
20230203,2023-02-03,2023,2,February,Q1,5,3,Friday
20230204,2023-02-04,2023,2,February,Q1,5,4,Saturday
20230205,2023-02-05,2023,2,February,Q1,5,5,Sunday
20230206,2023-02-06,2023,2,February,Q1,6,6,Monday
20230207,2023-02-07,2023,2,February,Q1,6,7,Tuesday
20230208,2023-02-08,2023,2,February,Q1,6,8,Wednesday
20230209,2023-02-09,2023,2,February,Q1,6,9,Thursday
20230210,2023-02-10,2023,2,February,Q1,6,10,Friday
20230211,2023-02-11,2023,2,February,Q1,6,11,Saturday
20230212,2023-02-12,2023,2,February,Q1,6,12,Sunday
20230213,2023-02-13,2023,2,February,Q1,7,13,Monday
20230214,2023-02-14,2023,2,February,Q1,7,14,Tuesday
20230215,2023-02-15,2023,2,February,Q1,7,15,Wednesday
20230216,2023-02-16,2023,2,February,Q1,7,16,Thursday
20230217,2023-02-17,2023,2,February,Q1,7,17,Friday
20230218,2023-02-18,2023,2,February,Q1,7,18,Saturday
20230219,2023-02-19,2023,2,February,Q1,7,19,Sunday
20230220,2023-02-20,2023,2,February,Q1,8,20,Monday
20230221,2023-02-21,2023,2,February,Q1,8,21,Tuesday
20230222,2023-02-22,2023,2,February,Q1,8,22,Wednesday
20230223,2023-02-23,2023,2,February,Q1,8,23,Thursday
20230224,2023-02-24,2023,2,February,Q1,8,24,Friday
20230225,2023-02-25,2023,2,February,Q1,8,25,Saturday
20230226,2023-02-26,2023,2,February,Q1,8,26,Sunday
20230227,2023-02-27,2023,2,February,Q1,9,27,Monday
20230228,2023-02-28,2023,2,February,Q1,9,28,Tuesday
20230301,2023-03-01,2023,3,March,Q1,9,1,Wednesday
20230302,2023-03-02,2023,3,March,Q1,9,2,Thursday
20230303,2023-03-03,2023,3,March,Q1,9,3,Friday
20230304,2023-03-04,2023,3,March,Q1,9,4,Saturday
20230305,2023-03-05,2023,3,March,Q1,9,5,Sunday
20230306,2023-03-06,2023,3,March,Q1,10,6,Monday
20230307,2023-03-07,2023,3,March,Q1,10,7,Tuesday
20230308,2023-03-08,2023,3,March,Q1,10,8,Wednesday
20230309,2023-03-09,2023,3,March,Q1,10,9,Thursday
20230310,2023-03-10,2023,3,March,Q1,10,10,Friday
20230311,2023-03-11,2023,3,March,Q1,10,11,Saturday
20230312,2023-03-12,2023,3,March,Q1,10,12,Sunday
20230313,2023-03-13,2023,3,March,Q1,11,13,Monday
20230314,2023-03-14,2023,3,March,Q1,11,14,Tuesday
20230315,2023-03-15,2023,3,March,Q1,11,15,Wednesday
20230316,2023-03-16,2023,3,March,Q1,11,16,Thursday
20230317,2023-03-17,2023,3,March,Q1,11,17,Friday
20230318,2023-03-18,2023,3,March,Q1,11,18,Saturday
20230319,2023-03-19,2023,3,March,Q1,11,19,Sunday
20230320,2023-03-20,2023,3,March,Q1,12,20,Monday
20230321,2023-03-21,2023,3,March,Q1,12,21,Tuesday
20230322,2023-03-22,2023,3,March,Q1,12,22,Wednesday
20230323,2023-03-23,2023,3,March,Q1,12,23,Thursday
20230324,2023-03-24,2023,3,March,Q1,12,24,Friday
20230325,2023-03-25,2023,3,March,Q1,12,25,Saturday
20230326,2023-03-26,2023,3,March,Q1,12,26,Sunday
20230327,2023-03-27,2023,3,March,Q1,13,27,Monday
20230328,2023-03-28,2023,3,March,Q1,13,28,Tuesday
20230329,2023-03-29,2023,3,March,Q1,13,29,Wednesday
20230330,2023-03-30,2023,3,March,Q1,13,30,Thursday
20230331,2023-03-31,2023,3,March,Q1,13,31,Friday
20230401,2023-04-01,2023,4,April,Q2,13,1,Saturday
20230402,2023-04-02,2023,4,April,Q2,13,2,Sunday
20230403,2023-04-03,2023,4,April,Q2,14,3,Monday
20230404,2023-04-04,2023,4,April,Q2,14,4,Tuesday
20230405,2023-04-05,2023,4,April,Q2,14,5,Wednesday
20230406,2023-04-06,2023,4,April,Q2,14,6,Thursday
20230407,2023-04-07,2023,4,April,Q2,14,7,Friday
20230408,2023-04-08,2023,4,April,Q2,14,8,Saturday
20230409,2023-04-09,2023,4,April,Q2,14,9,Sunday
20230410,2023-04-10,2023,4,April,Q2,15,10,Monday
20230411,2023-04-11,2023,4,April,Q2,15,11,Tuesday
20230412,2023-04-12,2023,4,April,Q2,15,12,Wednesday
20230413,2023-04-13,2023,4,April,Q2,15,13,Thursday
20230414,2023-04-14,2023,4,April,Q2,15,14,Friday
20230415,2023-04-15,2023,4,April,Q2,15,15,Saturday
20230416,2023-04-16,2023,4,April,Q2,15,16,Sunday
20230417,2023-04-17,2023,4,April,Q2,16,17,Monday
20230418,2023-04-18,2023,4,April,Q2,16,18,Tuesday
20230419,2023-04-19,2023,4,April,Q2,16,19,Wednesday
20230420,2023-04-20,2023,4,April,Q2,16,20,Thursday
20230421,2023-04-21,2023,4,April,Q2,16,21,Friday
20230422,2023-04-22,2023,4,April,Q2,16,22,Saturday
20230423,2023-04-23,2023,4,April,Q2,16,23,Sunday
20230424,2023-04-24,2023,4,April,Q2,17,24,Monday
20230425,2023-04-25,2023,4,April,Q2,17,25,Tuesday
20230426,2023-04-26,2023,4,April,Q2,17,26,Wednesday
20230427,2023-04-27,2023,4,April,Q2,17,27,Thursday
20230428,2023-04-28,2023,4,April,Q2,17,28,Friday
20230429,2023-04-29,2023,4,April,Q2,17,29,Saturday
20230430,2023-04-30,2023,4,April,Q2,17,30,Sunday
20230501,2023-05-01,2023,5,May,Q2,18,1,Monday
20230502,2023-05-02,2023,5,May,Q2,18,2,Tuesday
20230503,2023-05-03,2023,5,May,Q2,18,3,Wednesday
20230504,2023-05-04,2023,5,May,Q2,18,4,Thursday
20230505,2023-05-05,2023,5,May,Q2,18,5,Friday
20230506,2023-05-06,2023,5,May,Q2,18,6,Saturday
20230507,2023-05-07,2023,5,May,Q2,18,7,Sunday
20230508,2023-05-08,2023,5,May,Q2,19,8,Monday
20230509,2023-05-09,2023,5,May,Q2,19,9,Tuesday
20230510,2023-05-10,2023,5,May,Q2,19,10,Wednesday
20230511,2023-05-11,2023,5,May,Q2,19,11,Thursday
20230512,2023-05-12,2023,5,May,Q2,19,12,Friday
20230513,2023-05-13,2023,5,May,Q2,19,13,Saturday
20230514,2023-05-14,2023,5,May,Q2,19,14,Sunday
20230515,2023-05-15,2023,5,May,Q2,20,15,Monday
20230516,2023-05-16,2023,5,May,Q2,20,16,Tuesday
20230517,2023-05-17,2023,5,May,Q2,20,17,Wednesday
20230518,2023-05-18,2023,5,May,Q2,20,18,Thursday
20230519,2023-05-19,2023,5,May,Q2,20,19,Friday
20230520,2023-05-20,2023,5,May,Q2,20,20,Saturday
20230521,2023-05-21,2023,5,May,Q2,20,21,Sunday
20230522,2023-05-22,2023,5,May,Q2,21,22,Monday
20230523,2023-05-23,2023,5,May,Q2,21,23,Tuesday
20230524,2023-05-24,2023,5,May,Q2,21,24,Wednesday
20230525,2023-05-25,2023,5,May,Q2,21,25,Thursday
20230526,2023-05-26,2023,5,May,Q2,21,26,Friday
20230527,2023-05-27,2023,5,May,Q2,21,27,Saturday
20230528,2023-05-28,2023,5,May,Q2,21,28,Sunday
20230529,2023-05-29,2023,5,May,Q2,22,29,Monday
20230530,2023-05-30,2023,5,May,Q2,22,30,Tuesday
20230531,2023-05-31,2023,5,May,Q2,22,31,Wednesday
20230601,2023-06-01,2023,6,June,Q2,22,1,Thursday
20230602,2023-06-02,2023,6,June,Q2,22,2,Friday
20230603,2023-06-03,2023,6,June,Q2,22,3,Saturday
20230604,2023-06-04,2023,6,June,Q2,22,4,Sunday
20230605,2023-06-05,2023,6,June,Q2,23,5,Monday
20230606,2023-06-06,2023,6,June,Q2,23,6,Tuesday
20230607,2023-06-07,2023,6,June,Q2,23,7,Wednesday
20230608,2023-06-08,2023,6,June,Q2,23,8,Thursday
20230609,2023-06-09,2023,6,June,Q2,23,9,Friday
20230610,2023-06-10,2023,6,June,Q2,23,10,Saturday
20230611,2023-06-11,2023,6,June,Q2,23,11,Sunday
20230612,2023-06-12,2023,6,June,Q2,24,12,Monday
20230613,2023-06-13,2023,6,June,Q2,24,13,Tuesday
20230614,2023-06-14,2023,6,June,Q2,24,14,Wednesday
20230615,2023-06-15,2023,6,June,Q2,24,15,Thursday
20230616,2023-06-16,2023,6,June,Q2,24,16,Friday
20230617,2023-06-17,2023,6,June,Q2,24,17,Saturday
20230618,2023-06-18,2023,6,June,Q2,24,18,Sunday
20230619,2023-06-19,2023,6,June,Q2,25,19,Monday
20230620,2023-06-20,2023,6,June,Q2,25,20,Tuesday
20230621,2023-06-21,2023,6,June,Q2,25,21,Wednesday
20230622,2023-06-22,2023,6,June,Q2,25,22,Thursday
20230623,2023-06-23,2023,6,June,Q2,25,23,Friday
20230624,2023-06-24,2023,6,June,Q2,25,24,Saturday
20230625,2023-06-25,2023,6,June,Q2,25,25,Sunday
20230626,2023-06-26,2023,6,June,Q2,26,26,Monday
20230627,2023-06-27,2023,6,June,Q2,26,27,Tuesday
20230628,2023-06-28,2023,6,June,Q2,26,28,Wednesday
20230629,2023-06-29,2023,6,June,Q2,26,29,Thursday
20230630,2023-06-30,2023,6,June,Q2,26,30,Friday
20230701,2023-07-01,2023,7,July,Q3,26,1,Saturday
20230702,2023-07-02,2023,7,July,Q3,26,2,Sunday
20230703,2023-07-03,2023,7,July,Q3,27,3,Monday
20230704,2023-07-04,2023,7,July,Q3,27,4,Tuesday
20230705,2023-07-05,2023,7,July,Q3,27,5,Wednesday
20230706,2023-07-06,2023,7,July,Q3,27,6,Thursday
20230707,2023-07-07,2023,7,July,Q3,27,7,Friday
20230708,2023-07-08,2023,7,July,Q3,27,8,Saturday
20230709,2023-07-09,2023,7,July,Q3,27,9,Sunday
20230710,2023-07-10,2023,7,July,Q3,28,10,Monday
20230711,2023-07-11,2023,7,July,Q3,28,11,Tuesday
20230712,2023-07-12,2023,7,July,Q3,28,12,Wednesday
20230713,2023-07-13,2023,7,July,Q3,28,13,Thursday
20230714,2023-07-14,2023,7,July,Q3,28,14,Friday
20230715,2023-07-15,2023,7,July,Q3,28,15,Saturday
20230716,2023-07-16,2023,7,July,Q3,28,16,Sunday
20230717,2023-07-17,2023,7,July,Q3,29,17,Monday
20230718,2023-07-18,2023,7,July,Q3,29,18,Tuesday
20230719,2023-07-19,2023,7,July,Q3,29,19,Wednesday
20230720,2023-07-20,2023,7,July,Q3,29,20,Thursday
20230721,2023-07-21,2023,7,July,Q3,29,21,Friday
20230722,2023-07-22,2023,7,July,Q3,29,22,Saturday
20230723,2023-07-23,2023,7,July,Q3,29,23,Sunday
20230724,2023-07-24,2023,7,July,Q3,30,24,Monday
20230725,2023-07-25,2023,7,July,Q3,30,25,Tuesday
20230726,2023-07-26,2023,7,July,Q3,30,26,Wednesday
20230727,2023-07-27,2023,7,July,Q3,30,27,Thursday
20230728,2023-07-28,2023,7,July,Q3,30,28,Friday
20230729,2023-07-29,2023,7,July,Q3,30,29,Saturday
20230730,2023-07-30,2023,7,July,Q3,30,30,Sunday
20230731,2023-07-31,2023,7,July,Q3,31,31,Monday
20230801,2023-08-01,2023,8,August,Q3,31,1,Tuesday
20230802,2023-08-02,2023,8,August,Q3,31,2,Wednesday
20230803,2023-08-03,2023,8,August,Q3,31,3,Thursday
20230804,2023-08-04,2023,8,August,Q3,31,4,Friday
20230805,2023-08-05,2023,8,August,Q3,31,5,Saturday
20230806,2023-08-06,2023,8,August,Q3,31,6,Sunday
20230807,2023-08-07,2023,8,August,Q3,32,7,Monday
20230808,2023-08-08,2023,8,August,Q3,32,8,Tuesday
20230809,2023-08-09,2023,8,August,Q3,32,9,Wednesday
20230810,2023-08-10,2023,8,August,Q3,32,10,Thursday
20230811,2023-08-11,2023,8,August,Q3,32,11,Friday
20230812,2023-08-12,2023,8,August,Q3,32,12,Saturday
20230813,2023-08-13,2023,8,August,Q3,32,13,Sunday
20230814,2023-08-14,2023,8,August,Q3,33,14,Monday
20230815,2023-08-15,2023,8,August,Q3,33,15,Tuesday
20230816,2023-08-16,2023,8,August,Q3,33,16,Wednesday
20230817,2023-08-17,2023,8,August,Q3,33,17,Thursday
20230818,2023-08-18,2023,8,August,Q3,33,18,Friday
20230819,2023-08-19,2023,8,August,Q3,33,19,Saturday
20230820,2023-08-20,2023,8,August,Q3,33,20,Sunday
20230821,2023-08-21,2023,8,August,Q3,34,21,Monday
20230822,2023-08-22,2023,8,August,Q3,34,22,Tuesday
20230823,2023-08-23,2023,8,August,Q3,34,23,Wednesday
20230824,2023-08-24,2023,8,August,Q3,34,24,Thursday
20230825,2023-08-25,2023,8,August,Q3,34,25,Friday
20230826,2023-08-26,2023,8,August,Q3,34,26,Saturday
20230827,2023-08-27,2023,8,August,Q3,34,27,Sunday
20230828,2023-08-28,2023,8,August,Q3,35,28,Monday
20230829,2023-08-29,2023,8,August,Q3,35,29,Tuesday
20230830,2023-08-30,2023,8,August,Q3,35,30,Wednesday
20230831,2023-08-31,2023,8,August,Q3,35,31,Thursday
20230901,2023-09-01,2023,9,September,Q3,35,1,Friday
20230902,2023-09-02,2023,9,September,Q3,35,2,Saturday
20230903,2023-09-03,2023,9,September,Q3,35,3,Sunday
20230904,2023-09-04,2023,9,September,Q3,36,4,Monday
20230905,2023-09-05,2023,9,September,Q3,36,5,Tuesday
20230906,2023-09-06,2023,9,September,Q3,36,6,Wednesday
20230907,2023-09-07,2023,9,September,Q3,36,7,Thursday
20230908,2023-09-08,2023,9,September,Q3,36,8,Friday
20230909,2023-09-09,2023,9,September,Q3,36,9,Saturday
20230910,2023-09-10,2023,9,September,Q3,36,10,Sunday
20230911,2023-09-11,2023,9,September,Q3,37,11,Monday
20230912,2023-09-12,2023,9,September,Q3,37,12,Tuesday
20230913,2023-09-13,2023,9,September,Q3,37,13,Wednesday
20230914,2023-09-14,2023,9,September,Q3,37,14,Thursday
20230915,2023-09-15,2023,9,September,Q3,37,15,Friday
20230916,2023-09-16,2023,9,September,Q3,37,16,Saturday
20230917,2023-09-17,2023,9,September,Q3,37,17,Sunday
20230918,2023-09-18,2023,9,September,Q3,38,18,Monday
20230919,2023-09-19,2023,9,September,Q3,38,19,Tuesday
20230920,2023-09-20,2023,9,September,Q3,38,20,Wednesday
20230921,2023-09-21,2023,9,September,Q3,38,21,Thursday
20230922,2023-09-22,2023,9,September,Q3,38,22,Friday
20230923,2023-09-23,2023,9,September,Q3,38,23,Saturday
20230924,2023-09-24,2023,9,September,Q3,38,24,Sunday
20230925,2023-09-25,2023,9,September,Q3,39,25,Monday
20230926,2023-09-26,2023,9,September,Q3,39,26,Tuesday
20230927,2023-09-27,2023,9,September,Q3,39,27,Wednesday
20230928,2023-09-28,2023,9,September,Q3,39,28,Thursday
20230929,2023-09-29,2023,9,September,Q3,39,29,Friday
20230930,2023-09-30,2023,9,September,Q3,39,30,Saturday
20231001,2023-10-01,2023,10,October,Q4,39,1,Sunday
20231002,2023-10-02,2023,10,October,Q4,40,2,Monday
20231003,2023-10-03,2023,10,October,Q4,40,3,Tuesday
20231004,2023-10-04,2023,10,October,Q4,40,4,Wednesday
20231005,2023-10-05,2023,10,October,Q4,40,5,Thursday
20231006,2023-10-06,2023,10,October,Q4,40,6,Friday
20231007,2023-10-07,2023,10,October,Q4,40,7,Saturday
20231008,2023-10-08,2023,10,October,Q4,40,8,Sunday
20231009,2023-10-09,2023,10,October,Q4,41,9,Monday
20231010,2023-10-10,2023,10,October,Q4,41,10,Tuesday
20231011,2023-10-11,2023,10,October,Q4,41,11,Wednesday
20231012,2023-10-12,2023,10,October,Q4,41,12,Thursday
20231013,2023-10-13,2023,10,October,Q4,41,13,Friday
20231014,2023-10-14,2023,10,October,Q4,41,14,Saturday
20231015,2023-10-15,2023,10,October,Q4,41,15,Sunday
20231016,2023-10-16,2023,10,October,Q4,42,16,Monday
20231017,2023-10-17,2023,10,October,Q4,42,17,Tuesday
20231018,2023-10-18,2023,10,October,Q4,42,18,Wednesday
20231019,2023-10-19,2023,10,October,Q4,42,19,Thursday
20231020,2023-10-20,2023,10,October,Q4,42,20,Friday
20231021,2023-10-21,2023,10,October,Q4,42,21,Saturday
20231022,2023-10-22,2023,10,October,Q4,42,22,Sunday
20231023,2023-10-23,2023,10,October,Q4,43,23,Monday
20231024,2023-10-24,2023,10,October,Q4,43,24,Tuesday
20231025,2023-10-25,2023,10,October,Q4,43,25,Wednesday
20231026,2023-10-26,2023,10,October,Q4,43,26,Thursday
20231027,2023-10-27,2023,10,October,Q4,43,27,Friday
20231028,2023-10-28,2023,10,October,Q4,43,28,Saturday
20231029,2023-10-29,2023,10,October,Q4,43,29,Sunday
20231030,2023-10-30,2023,10,October,Q4,44,30,Monday
20231031,2023-10-31,2023,10,October,Q4,44,31,Tuesday
20231101,2023-11-01,2023,11,November,Q4,44,1,Wednesday
20231102,2023-11-02,2023,11,November,Q4,44,2,Thursday
20231103,2023-11-03,2023,11,November,Q4,44,3,Friday
20231104,2023-11-04,2023,11,November,Q4,44,4,Saturday
20231105,2023-11-05,2023,11,November,Q4,44,5,Sunday
20231106,2023-11-06,2023,11,November,Q4,45,6,Monday
20231107,2023-11-07,2023,11,November,Q4,45,7,Tuesday
20231108,2023-11-08,2023,11,November,Q4,45,8,Wednesday
20231109,2023-11-09,2023,11,November,Q4,45,9,Thursday
20231110,2023-11-10,2023,11,November,Q4,45,10,Friday
20231111,2023-11-11,2023,11,November,Q4,45,11,Saturday
20231112,2023-11-12,2023,11,November,Q4,45,12,Sunday
20231113,2023-11-13,2023,11,November,Q4,46,13,Monday
20231114,2023-11-14,2023,11,November,Q4,46,14,Tuesday
20231115,2023-11-15,2023,11,November,Q4,46,15,Wednesday
20231116,2023-11-16,2023,11,November,Q4,46,16,Thursday
20231117,2023-11-17,2023,11,November,Q4,46,17,Friday
20231118,2023-11-18,2023,11,November,Q4,46,18,Saturday
20231119,2023-11-19,2023,11,November,Q4,46,19,Sunday
20231120,2023-11-20,2023,11,November,Q4,47,20,Monday
20231121,2023-11-21,2023,11,November,Q4,47,21,Tuesday
20231122,2023-11-22,2023,11,November,Q4,47,22,Wednesday
20231123,2023-11-23,2023,11,November,Q4,47,23,Thursday
20231124,2023-11-24,2023,11,November,Q4,47,24,Friday
20231125,2023-11-25,2023,11,November,Q4,47,25,Saturday
20231126,2023-11-26,2023,11,November,Q4,47,26,Sunday
20231127,2023-11-27,2023,11,November,Q4,48,27,Monday
20231128,2023-11-28,2023,11,November,Q4,48,28,Tuesday
20231129,2023-11-29,2023,11,November,Q4,48,29,Wednesday
20231130,2023-11-30,2023,11,November,Q4,48,30,Thursday
20231201,2023-12-01,2023,12,December,Q4,48,1,Friday
20231202,2023-12-02,2023,12,December,Q4,48,2,Saturday
20231203,2023-12-03,2023,12,December,Q4,48,3,Sunday
20231204,2023-12-04,2023,12,December,Q4,49,4,Monday
20231205,2023-12-05,2023,12,December,Q4,49,5,Tuesday
20231206,2023-12-06,2023,12,December,Q4,49,6,Wednesday
20231207,2023-12-07,2023,12,December,Q4,49,7,Thursday
20231208,2023-12-08,2023,12,December,Q4,49,8,Friday
20231209,2023-12-09,2023,12,December,Q4,49,9,Saturday
20231210,2023-12-10,2023,12,December,Q4,49,10,Sunday
20231211,2023-12-11,2023,12,December,Q4,50,11,Monday
20231212,2023-12-12,2023,12,December,Q4,50,12,Tuesday
20231213,2023-12-13,2023,12,December,Q4,50,13,Wednesday
20231214,2023-12-14,2023,12,December,Q4,50,14,Thursday
20231215,2023-12-15,2023,12,December,Q4,50,15,Friday
20231216,2023-12-16,2023,12,December,Q4,50,16,Saturday
20231217,2023-12-17,2023,12,December,Q4,50,17,Sunday
20231218,2023-12-18,2023,12,December,Q4,51,18,Monday
20231219,2023-12-19,2023,12,December,Q4,51,19,Tuesday
20231220,2023-12-20,2023,12,December,Q4,51,20,Wednesday
20231221,2023-12-21,2023,12,December,Q4,51,21,Thursday
20231222,2023-12-22,2023,12,December,Q4,51,22,Friday
20231223,2023-12-23,2023,12,December,Q4,51,23,Saturday
20231224,2023-12-24,2023,12,December,Q4,51,24,Sunday
20231225,2023-12-25,2023,12,December,Q4,52,25,Monday
20231226,2023-12-26,2023,12,December,Q4,52,26,Tuesday
20231227,2023-12-27,2023,12,December,Q4,52,27,Wednesday
20231228,2023-12-28,2023,12,December,Q4,52,28,Thursday
20231229,2023-12-29,2023,12,December,Q4,52,29,Friday
20231230,2023-12-30,2023,12,December,Q4,52,30,Saturday
20231231,2023-12-31,2023,12,December,Q4,52,31,Sunday
20240101,2024-01-01,2024,1,January,Q1,1,1,Monday
20240102,2024-01-02,2024,1,January,Q1,1,2,Tuesday
20240103,2024-01-03,2024,1,January,Q1,1,3,Wednesday
20240104,2024-01-04,2024,1,January,Q1,1,4,Thursday
20240105,2024-01-05,2024,1,January,Q1,1,5,Friday
20240106,2024-01-06,2024,1,January,Q1,1,6,Saturday
20240107,2024-01-07,2024,1,January,Q1,1,7,Sunday
20240108,2024-01-08,2024,1,January,Q1,2,8,Monday
20240109,2024-01-09,2024,1,January,Q1,2,9,Tuesday
20240110,2024-01-10,2024,1,January,Q1,2,10,Wednesday
20240111,2024-01-11,2024,1,January,Q1,2,11,Thursday
20240112,2024-01-12,2024,1,January,Q1,2,12,Friday
20240113,2024-01-13,2024,1,January,Q1,2,13,Saturday
20240114,2024-01-14,2024,1,January,Q1,2,14,Sunday
20240115,2024-01-15,2024,1,January,Q1,3,15,Monday
20240116,2024-01-16,2024,1,January,Q1,3,16,Tuesday
20240117,2024-01-17,2024,1,January,Q1,3,17,Wednesday
20240118,2024-01-18,2024,1,January,Q1,3,18,Thursday
20240119,2024-01-19,2024,1,January,Q1,3,19,Friday
20240120,2024-01-20,2024,1,January,Q1,3,20,Saturday
20240121,2024-01-21,2024,1,January,Q1,3,21,Sunday
20240122,2024-01-22,2024,1,January,Q1,4,22,Monday
20240123,2024-01-23,2024,1,January,Q1,4,23,Tuesday
20240124,2024-01-24,2024,1,January,Q1,4,24,Wednesday
20240125,2024-01-25,2024,1,January,Q1,4,25,Thursday
20240126,2024-01-26,2024,1,January,Q1,4,26,Friday
20240127,2024-01-27,2024,1,January,Q1,4,27,Saturday
20240128,2024-01-28,2024,1,January,Q1,4,28,Sunday
20240129,2024-01-29,2024,1,January,Q1,5,29,Monday
20240130,2024-01-30,2024,1,January,Q1,5,30,Tuesday
20240131,2024-01-31,2024,1,January,Q1,5,31,Wednesday
20240201,2024-02-01,2024,2,February,Q1,5,1,Thursday
20240202,2024-02-02,2024,2,February,Q1,5,2,Friday
20240203,2024-02-03,2024,2,February,Q1,5,3,Saturday
20240204,2024-02-04,2024,2,February,Q1,5,4,Sunday
20240205,2024-02-05,2024,2,February,Q1,6,5,Monday
20240206,2024-02-06,2024,2,February,Q1,6,6,Tuesday
20240207,2024-02-07,2024,2,February,Q1,6,7,Wednesday
20240208,2024-02-08,2024,2,February,Q1,6,8,Thursday
20240209,2024-02-09,2024,2,February,Q1,6,9,Friday
20240210,2024-02-10,2024,2,February,Q1,6,10,Saturday
20240211,2024-02-11,2024,2,February,Q1,6,11,Sunday
20240212,2024-02-12,2024,2,February,Q1,7,12,Monday
20240213,2024-02-13,2024,2,February,Q1,7,13,Tuesday
20240214,2024-02-14,2024,2,February,Q1,7,14,Wednesday
20240215,2024-02-15,2024,2,February,Q1,7,15,Thursday
20240216,2024-02-16,2024,2,February,Q1,7,16,Friday
20240217,2024-02-17,2024,2,February,Q1,7,17,Saturday
20240218,2024-02-18,2024,2,February,Q1,7,18,Sunday
20240219,2024-02-19,2024,2,February,Q1,8,19,Monday
20240220,2024-02-20,2024,2,February,Q1,8,20,Tuesday
20240221,2024-02-21,2024,2,February,Q1,8,21,Wednesday
20240222,2024-02-22,2024,2,February,Q1,8,22,Thursday
20240223,2024-02-23,2024,2,February,Q1,8,23,Friday
20240224,2024-02-24,2024,2,February,Q1,8,24,Saturday
20240225,2024-02-25,2024,2,February,Q1,8,25,Sunday
20240226,2024-02-26,2024,2,February,Q1,9,26,Monday
20240227,2024-02-27,2024,2,February,Q1,9,27,Tuesday
20240228,2024-02-28,2024,2,February,Q1,9,28,Wednesday
20240229,2024-02-29,2024,2,February,Q1,9,29,Thursday
20240301,2024-03-01,2024,3,March,Q1,9,1,Friday
20240302,2024-03-02,2024,3,March,Q1,9,2,Saturday
20240303,2024-03-03,2024,3,March,Q1,9,3,Sunday
20240304,2024-03-04,2024,3,March,Q1,10,4,Monday
20240305,2024-03-05,2024,3,March,Q1,10,5,Tuesday
20240306,2024-03-06,2024,3,March,Q1,10,6,Wednesday
20240307,2024-03-07,2024,3,March,Q1,10,7,Thursday
20240308,2024-03-08,2024,3,March,Q1,10,8,Friday
20240309,2024-03-09,2024,3,March,Q1,10,9,Saturday
20240310,2024-03-10,2024,3,March,Q1,10,10,Sunday
20240311,2024-03-11,2024,3,March,Q1,11,11,Monday
20240312,2024-03-12,2024,3,March,Q1,11,12,Tuesday
20240313,2024-03-13,2024,3,March,Q1,11,13,Wednesday
20240314,2024-03-14,2024,3,March,Q1,11,14,Thursday
20240315,2024-03-15,2024,3,March,Q1,11,15,Friday
20240316,2024-03-16,2024,3,March,Q1,11,16,Saturday
20240317,2024-03-17,2024,3,March,Q1,11,17,Sunday
20240318,2024-03-18,2024,3,March,Q1,12,18,Monday
20240319,2024-03-19,2024,3,March,Q1,12,19,Tuesday
20240320,2024-03-20,2024,3,March,Q1,12,20,Wednesday
20240321,2024-03-21,2024,3,March,Q1,12,21,Thursday
20240322,2024-03-22,2024,3,March,Q1,12,22,Friday
20240323,2024-03-23,2024,3,March,Q1,12,23,Saturday
20240324,2024-03-24,2024,3,March,Q1,12,24,Sunday
20240325,2024-03-25,2024,3,March,Q1,13,25,Monday
20240326,2024-03-26,2024,3,March,Q1,13,26,Tuesday
20240327,2024-03-27,2024,3,March,Q1,13,27,Wednesday
20240328,2024-03-28,2024,3,March,Q1,13,28,Thursday
20240329,2024-03-29,2024,3,March,Q1,13,29,Friday
20240330,2024-03-30,2024,3,March,Q1,13,30,Saturday
20240331,2024-03-31,2024,3,March,Q1,13,31,Sunday
20240401,2024-04-01,2024,4,April,Q2,14,1,Monday
20240402,2024-04-02,2024,4,April,Q2,14,2,Tuesday
20240403,2024-04-03,2024,4,April,Q2,14,3,Wednesday
20240404,2024-04-04,2024,4,April,Q2,14,4,Thursday
20240405,2024-04-05,2024,4,April,Q2,14,5,Friday
20240406,2024-04-06,2024,4,April,Q2,14,6,Saturday
20240407,2024-04-07,2024,4,April,Q2,14,7,Sunday
20240408,2024-04-08,2024,4,April,Q2,15,8,Monday
20240409,2024-04-09,2024,4,April,Q2,15,9,Tuesday
20240410,2024-04-10,2024,4,April,Q2,15,10,Wednesday
20240411,2024-04-11,2024,4,April,Q2,15,11,Thursday
20240412,2024-04-12,2024,4,April,Q2,15,12,Friday
20240413,2024-04-13,2024,4,April,Q2,15,13,Saturday
20240414,2024-04-14,2024,4,April,Q2,15,14,Sunday
20240415,2024-04-15,2024,4,April,Q2,16,15,Monday
20240416,2024-04-16,2024,4,April,Q2,16,16,Tuesday
20240417,2024-04-17,2024,4,April,Q2,16,17,Wednesday
20240418,2024-04-18,2024,4,April,Q2,16,18,Thursday
20240419,2024-04-19,2024,4,April,Q2,16,19,Friday
20240420,2024-04-20,2024,4,April,Q2,16,20,Saturday
20240421,2024-04-21,2024,4,April,Q2,16,21,Sunday
20240422,2024-04-22,2024,4,April,Q2,17,22,Monday
20240423,2024-04-23,2024,4,April,Q2,17,23,Tuesday
20240424,2024-04-24,2024,4,April,Q2,17,24,Wednesday
20240425,2024-04-25,2024,4,April,Q2,17,25,Thursday
20240426,2024-04-26,2024,4,April,Q2,17,26,Friday
20240427,2024-04-27,2024,4,April,Q2,17,27,Saturday
20240428,2024-04-28,2024,4,April,Q2,17,28,Sunday
20240429,2024-04-29,2024,4,April,Q2,18,29,Monday
20240430,2024-04-30,2024,4,April,Q2,18,30,Tuesday
20240501,2024-05-01,2024,5,May,Q2,18,1,Wednesday
20240502,2024-05-02,2024,5,May,Q2,18,2,Thursday
20240503,2024-05-03,2024,5,May,Q2,18,3,Friday
20240504,2024-05-04,2024,5,May,Q2,18,4,Saturday
20240505,2024-05-05,2024,5,May,Q2,18,5,Sunday
20240506,2024-05-06,2024,5,May,Q2,19,6,Monday
20240507,2024-05-07,2024,5,May,Q2,19,7,Tuesday
20240508,2024-05-08,2024,5,May,Q2,19,8,Wednesday
20240509,2024-05-09,2024,5,May,Q2,19,9,Thursday
20240510,2024-05-10,2024,5,May,Q2,19,10,Friday
20240511,2024-05-11,2024,5,May,Q2,19,11,Saturday
20240512,2024-05-12,2024,5,May,Q2,19,12,Sunday
20240513,2024-05-13,2024,5,May,Q2,20,13,Monday
20240514,2024-05-14,2024,5,May,Q2,20,14,Tuesday
20240515,2024-05-15,2024,5,May,Q2,20,15,Wednesday
20240516,2024-05-16,2024,5,May,Q2,20,16,Thursday
20240517,2024-05-17,2024,5,May,Q2,20,17,Friday
20240518,2024-05-18,2024,5,May,Q2,20,18,Saturday
20240519,2024-05-19,2024,5,May,Q2,20,19,Sunday
20240520,2024-05-20,2024,5,May,Q2,21,20,Monday
20240521,2024-05-21,2024,5,May,Q2,21,21,Tuesday
20240522,2024-05-22,2024,5,May,Q2,21,22,Wednesday
20240523,2024-05-23,2024,5,May,Q2,21,23,Thursday
20240524,2024-05-24,2024,5,May,Q2,21,24,Friday
20240525,2024-05-25,2024,5,May,Q2,21,25,Saturday
20240526,2024-05-26,2024,5,May,Q2,21,26,Sunday
20240527,2024-05-27,2024,5,May,Q2,22,27,Monday
20240528,2024-05-28,2024,5,May,Q2,22,28,Tuesday
20240529,2024-05-29,2024,5,May,Q2,22,29,Wednesday
20240530,2024-05-30,2024,5,May,Q2,22,30,Thursday
20240531,2024-05-31,2024,5,May,Q2,22,31,Friday
20240601,2024-06-01,2024,6,June,Q2,22,1,Saturday
20240602,2024-06-02,2024,6,June,Q2,22,2,Sunday
20240603,2024-06-03,2024,6,June,Q2,23,3,Monday
20240604,2024-06-04,2024,6,June,Q2,23,4,Tuesday
20240605,2024-06-05,2024,6,June,Q2,23,5,Wednesday
20240606,2024-06-06,2024,6,June,Q2,23,6,Thursday
20240607,2024-06-07,2024,6,June,Q2,23,7,Friday
20240608,2024-06-08,2024,6,June,Q2,23,8,Saturday
20240609,2024-06-09,2024,6,June,Q2,23,9,Sunday
20240610,2024-06-10,2024,6,June,Q2,24,10,Monday
20240611,2024-06-11,2024,6,June,Q2,24,11,Tuesday
20240612,2024-06-12,2024,6,June,Q2,24,12,Wednesday
20240613,2024-06-13,2024,6,June,Q2,24,13,Thursday
20240614,2024-06-14,2024,6,June,Q2,24,14,Friday
20240615,2024-06-15,2024,6,June,Q2,24,15,Saturday
20240616,2024-06-16,2024,6,June,Q2,24,16,Sunday
20240617,2024-06-17,2024,6,June,Q2,25,17,Monday
20240618,2024-06-18,2024,6,June,Q2,25,18,Tuesday
20240619,2024-06-19,2024,6,June,Q2,25,19,Wednesday
20240620,2024-06-20,2024,6,June,Q2,25,20,Thursday
20240621,2024-06-21,2024,6,June,Q2,25,21,Friday
20240622,2024-06-22,2024,6,June,Q2,25,22,Saturday
20240623,2024-06-23,2024,6,June,Q2,25,23,Sunday
20240624,2024-06-24,2024,6,June,Q2,26,24,Monday
20240625,2024-06-25,2024,6,June,Q2,26,25,Tuesday
20240626,2024-06-26,2024,6,June,Q2,26,26,Wednesday
20240627,2024-06-27,2024,6,June,Q2,26,27,Thursday
20240628,2024-06-28,2024,6,June,Q2,26,28,Friday
20240629,2024-06-29,2024,6,June,Q2,26,29,Saturday
20240630,2024-06-30,2024,6,June,Q2,26,30,Sunday
20240701,2024-07-01,2024,7,July,Q3,27,1,Monday
20240702,2024-07-02,2024,7,July,Q3,27,2,Tuesday
20240703,2024-07-03,2024,7,July,Q3,27,3,Wednesday
20240704,2024-07-04,2024,7,July,Q3,27,4,Thursday
20240705,2024-07-05,2024,7,July,Q3,27,5,Friday
20240706,2024-07-06,2024,7,July,Q3,27,6,Saturday
20240707,2024-07-07,2024,7,July,Q3,27,7,Sunday
20240708,2024-07-08,2024,7,July,Q3,28,8,Monday
20240709,2024-07-09,2024,7,July,Q3,28,9,Tuesday
20240710,2024-07-10,2024,7,July,Q3,28,10,Wednesday
20240711,2024-07-11,2024,7,July,Q3,28,11,Thursday
20240712,2024-07-12,2024,7,July,Q3,28,12,Friday
20240713,2024-07-13,2024,7,July,Q3,28,13,Saturday
20240714,2024-07-14,2024,7,July,Q3,28,14,Sunday
20240715,2024-07-15,2024,7,July,Q3,29,15,Monday
20240716,2024-07-16,2024,7,July,Q3,29,16,Tuesday
20240717,2024-07-17,2024,7,July,Q3,29,17,Wednesday
20240718,2024-07-18,2024,7,July,Q3,29,18,Thursday
20240719,2024-07-19,2024,7,July,Q3,29,19,Friday
20240720,2024-07-20,2024,7,July,Q3,29,20,Saturday
20240721,2024-07-21,2024,7,July,Q3,29,21,Sunday
20240722,2024-07-22,2024,7,July,Q3,30,22,Monday
20240723,2024-07-23,2024,7,July,Q3,30,23,Tuesday
20240724,2024-07-24,2024,7,July,Q3,30,24,Wednesday
20240725,2024-07-25,2024,7,July,Q3,30,25,Thursday
20240726,2024-07-26,2024,7,July,Q3,30,26,Friday
20240727,2024-07-27,2024,7,July,Q3,30,27,Saturday
20240728,2024-07-28,2024,7,July,Q3,30,28,Sunday
20240729,2024-07-29,2024,7,July,Q3,31,29,Monday
20240730,2024-07-30,2024,7,July,Q3,31,30,Tuesday
20240731,2024-07-31,2024,7,July,Q3,31,31,Wednesday
20240801,2024-08-01,2024,8,August,Q3,31,1,Thursday
20240802,2024-08-02,2024,8,August,Q3,31,2,Friday
20240803,2024-08-03,2024,8,August,Q3,31,3,Saturday
20240804,2024-08-04,2024,8,August,Q3,31,4,Sunday
20240805,2024-08-05,2024,8,August,Q3,32,5,Monday
20240806,2024-08-06,2024,8,August,Q3,32,6,Tuesday
20240807,2024-08-07,2024,8,August,Q3,32,7,Wednesday
20240808,2024-08-08,2024,8,August,Q3,32,8,Thursday
20240809,2024-08-09,2024,8,August,Q3,32,9,Friday
20240810,2024-08-10,2024,8,August,Q3,32,10,Saturday
20240811,2024-08-11,2024,8,August,Q3,32,11,Sunday
20240812,2024-08-12,2024,8,August,Q3,33,12,Monday
20240813,2024-08-13,2024,8,August,Q3,33,13,Tuesday
20240814,2024-08-14,2024,8,August,Q3,33,14,Wednesday
20240815,2024-08-15,2024,8,August,Q3,33,15,Thursday
20240816,2024-08-16,2024,8,August,Q3,33,16,Friday
20240817,2024-08-17,2024,8,August,Q3,33,17,Saturday
20240818,2024-08-18,2024,8,August,Q3,33,18,Sunday
20240819,2024-08-19,2024,8,August,Q3,34,19,Monday
20240820,2024-08-20,2024,8,August,Q3,34,20,Tuesday
20240821,2024-08-21,2024,8,August,Q3,34,21,Wednesday
20240822,2024-08-22,2024,8,August,Q3,34,22,Thursday
20240823,2024-08-23,2024,8,August,Q3,34,23,Friday
20240824,2024-08-24,2024,8,August,Q3,34,24,Saturday
20240825,2024-08-25,2024,8,August,Q3,34,25,Sunday
20240826,2024-08-26,2024,8,August,Q3,35,26,Monday
20240827,2024-08-27,2024,8,August,Q3,35,27,Tuesday
20240828,2024-08-28,2024,8,August,Q3,35,28,Wednesday
20240829,2024-08-29,2024,8,August,Q3,35,29,Thursday
20240830,2024-08-30,2024,8,August,Q3,35,30,Friday
20240831,2024-08-31,2024,8,August,Q3,35,31,Saturday
20240901,2024-09-01,2024,9,September,Q3,35,1,Sunday
20240902,2024-09-02,2024,9,September,Q3,36,2,Monday
20240903,2024-09-03,2024,9,September,Q3,36,3,Tuesday
20240904,2024-09-04,2024,9,September,Q3,36,4,Wednesday
20240905,2024-09-05,2024,9,September,Q3,36,5,Thursday
20240906,2024-09-06,2024,9,September,Q3,36,6,Friday
20240907,2024-09-07,2024,9,September,Q3,36,7,Saturday
20240908,2024-09-08,2024,9,September,Q3,36,8,Sunday
20240909,2024-09-09,2024,9,September,Q3,37,9,Monday
20240910,2024-09-10,2024,9,September,Q3,37,10,Tuesday
20240911,2024-09-11,2024,9,September,Q3,37,11,Wednesday
20240912,2024-09-12,2024,9,September,Q3,37,12,Thursday
20240913,2024-09-13,2024,9,September,Q3,37,13,Friday
20240914,2024-09-14,2024,9,September,Q3,37,14,Saturday
20240915,2024-09-15,2024,9,September,Q3,37,15,Sunday
20240916,2024-09-16,2024,9,September,Q3,38,16,Monday
20240917,2024-09-17,2024,9,September,Q3,38,17,Tuesday
20240918,2024-09-18,2024,9,September,Q3,38,18,Wednesday
20240919,2024-09-19,2024,9,September,Q3,38,19,Thursday
20240920,2024-09-20,2024,9,September,Q3,38,20,Friday
20240921,2024-09-21,2024,9,September,Q3,38,21,Saturday
20240922,2024-09-22,2024,9,September,Q3,38,22,Sunday
20240923,2024-09-23,2024,9,September,Q3,39,23,Monday
20240924,2024-09-24,2024,9,September,Q3,39,24,Tuesday
20240925,2024-09-25,2024,9,September,Q3,39,25,Wednesday
20240926,2024-09-26,2024,9,September,Q3,39,26,Thursday
20240927,2024-09-27,2024,9,September,Q3,39,27,Friday
20240928,2024-09-28,2024,9,September,Q3,39,28,Saturday
20240929,2024-09-29,2024,9,September,Q3,39,29,Sunday
20240930,2024-09-30,2024,9,September,Q3,40,30,Monday
20241001,2024-10-01,2024,10,October,Q4,40,1,Tuesday
20241002,2024-10-02,2024,10,October,Q4,40,2,Wednesday
20241003,2024-10-03,2024,10,October,Q4,40,3,Thursday
20241004,2024-10-04,2024,10,October,Q4,40,4,Friday
20241005,2024-10-05,2024,10,October,Q4,40,5,Saturday
20241006,2024-10-06,2024,10,October,Q4,40,6,Sunday
20241007,2024-10-07,2024,10,October,Q4,41,7,Monday
20241008,2024-10-08,2024,10,October,Q4,41,8,Tuesday
20241009,2024-10-09,2024,10,October,Q4,41,9,Wednesday
20241010,2024-10-10,2024,10,October,Q4,41,10,Thursday
20241011,2024-10-11,2024,10,October,Q4,41,11,Friday
20241012,2024-10-12,2024,10,October,Q4,41,12,Saturday
20241013,2024-10-13,2024,10,October,Q4,41,13,Sunday
20241014,2024-10-14,2024,10,October,Q4,42,14,Monday
20241015,2024-10-15,2024,10,October,Q4,42,15,Tuesday
20241016,2024-10-16,2024,10,October,Q4,42,16,Wednesday
20241017,2024-10-17,2024,10,October,Q4,42,17,Thursday
20241018,2024-10-18,2024,10,October,Q4,42,18,Friday
20241019,2024-10-19,2024,10,October,Q4,42,19,Saturday
20241020,2024-10-20,2024,10,October,Q4,42,20,Sunday
20241021,2024-10-21,2024,10,October,Q4,43,21,Monday
20241022,2024-10-22,2024,10,October,Q4,43,22,Tuesday
20241023,2024-10-23,2024,10,October,Q4,43,23,Wednesday
20241024,2024-10-24,2024,10,October,Q4,43,24,Thursday
20241025,2024-10-25,2024,10,October,Q4,43,25,Friday
20241026,2024-10-26,2024,10,October,Q4,43,26,Saturday
20241027,2024-10-27,2024,10,October,Q4,43,27,Sunday
20241028,2024-10-28,2024,10,October,Q4,44,28,Monday
20241029,2024-10-29,2024,10,October,Q4,44,29,Tuesday
20241030,2024-10-30,2024,10,October,Q4,44,30,Wednesday
20241031,2024-10-31,2024,10,October,Q4,44,31,Thursday
20241101,2024-11-01,2024,11,November,Q4,44,1,Friday
20241102,2024-11-02,2024,11,November,Q4,44,2,Saturday
20241103,2024-11-03,2024,11,November,Q4,44,3,Sunday
20241104,2024-11-04,2024,11,November,Q4,45,4,Monday
20241105,2024-11-05,2024,11,November,Q4,45,5,Tuesday
20241106,2024-11-06,2024,11,November,Q4,45,6,Wednesday
20241107,2024-11-07,2024,11,November,Q4,45,7,Thursday
20241108,2024-11-08,2024,11,November,Q4,45,8,Friday
20241109,2024-11-09,2024,11,November,Q4,45,9,Saturday
20241110,2024-11-10,2024,11,November,Q4,45,10,Sunday
20241111,2024-11-11,2024,11,November,Q4,46,11,Monday
20241112,2024-11-12,2024,11,November,Q4,46,12,Tuesday
20241113,2024-11-13,2024,11,November,Q4,46,13,Wednesday
20241114,2024-11-14,2024,11,November,Q4,46,14,Thursday
20241115,2024-11-15,2024,11,November,Q4,46,15,Friday
20241116,2024-11-16,2024,11,November,Q4,46,16,Saturday
20241117,2024-11-17,2024,11,November,Q4,46,17,Sunday
20241118,2024-11-18,2024,11,November,Q4,47,18,Monday
20241119,2024-11-19,2024,11,November,Q4,47,19,Tuesday
20241120,2024-11-20,2024,11,November,Q4,47,20,Wednesday
20241121,2024-11-21,2024,11,November,Q4,47,21,Thursday
20241122,2024-11-22,2024,11,November,Q4,47,22,Friday
20241123,2024-11-23,2024,11,November,Q4,47,23,Saturday
20241124,2024-11-24,2024,11,November,Q4,47,24,Sunday
20241125,2024-11-25,2024,11,November,Q4,48,25,Monday
20241126,2024-11-26,2024,11,November,Q4,48,26,Tuesday
20241127,2024-11-27,2024,11,November,Q4,48,27,Wednesday
20241128,2024-11-28,2024,11,November,Q4,48,28,Thursday
20241129,2024-11-29,2024,11,November,Q4,48,29,Friday
20241130,2024-11-30,2024,11,November,Q4,48,30,Saturday
20241201,2024-12-01,2024,12,December,Q4,48,1,Sunday
20241202,2024-12-02,2024,12,December,Q4,49,2,Monday
20241203,2024-12-03,2024,12,December,Q4,49,3,Tuesday
20241204,2024-12-04,2024,12,December,Q4,49,4,Wednesday
20241205,2024-12-05,2024,12,December,Q4,49,5,Thursday
20241206,2024-12-06,2024,12,December,Q4,49,6,Friday
20241207,2024-12-07,2024,12,December,Q4,49,7,Saturday
20241208,2024-12-08,2024,12,December,Q4,49,8,Sunday
20241209,2024-12-09,2024,12,December,Q4,50,9,Monday
20241210,2024-12-10,2024,12,December,Q4,50,10,Tuesday
20241211,2024-12-11,2024,12,December,Q4,50,11,Wednesday
20241212,2024-12-12,2024,12,December,Q4,50,12,Thursday
20241213,2024-12-13,2024,12,December,Q4,50,13,Friday
20241214,2024-12-14,2024,12,December,Q4,50,14,Saturday
20241215,2024-12-15,2024,12,December,Q4,50,15,Sunday
20241216,2024-12-16,2024,12,December,Q4,51,16,Monday
20241217,2024-12-17,2024,12,December,Q4,51,17,Tuesday
20241218,2024-12-18,2024,12,December,Q4,51,18,Wednesday
20241219,2024-12-19,2024,12,December,Q4,51,19,Thursday
20241220,2024-12-20,2024,12,December,Q4,51,20,Friday
20241221,2024-12-21,2024,12,December,Q4,51,21,Saturday
20241222,2024-12-22,2024,12,December,Q4,51,22,Sunday
20241223,2024-12-23,2024,12,December,Q4,52,23,Monday
20241224,2024-12-24,2024,12,December,Q4,52,24,Tuesday
20241225,2024-12-25,2024,12,December,Q4,52,25,Wednesday
20241226,2024-12-26,2024,12,December,Q4,52,26,Thursday
20241227,2024-12-27,2024,12,December,Q4,52,27,Friday
20241228,2024-12-28,2024,12,December,Q4,52,28,Saturday
20241229,2024-12-29,2024,12,December,Q4,52,29,Sunday
20241230,2024-12-30,2024,12,December,Q4,1,30,Monday
20241231,2024-12-31,2024,12,December,Q4,1,31,Tuesday
